18/01/2020,20:23,chloe,lottie,"Boys in our class are nice and fun, but a bit...boring."
18/01/2020,20:33,lottie,chloe,IKR? We need to go out and meet boys from other schools.
18/01/2020,20:40,chloe,lottie,Totally! Life would be much more exciting then!
27/01/2020,23:02,lottie,chloe,OMG! I met this amazing guy tonight!
27/01/2020,23:06,chloe,lottie,What?! When?!
27/01/2020,23:10,lottie,chloe,"After you left I was waiting for mum to pick me up, and he waited with me!"
27/01/2020,23:14,chloe,lottie,OMG!! Is he hot?!
27/01/2020,23:16,lottie,chloe,So hot! Not like the boys at school! I'll tell you all about it tomorrow!
28/01/2020,10:01,lottie,chloe,OMG! You know that guy from last night? He just sent me a friend request!
28/01/2020,10:04,chloe,lottie,OMG! What are you doing to do?
28/01/2020,10:07,lottie,chloe,Accept it of course!
28/01/2020,10:10,chloe,lottie,Wow! How old is he?
28/01/2020,10:12,lottie,chloe,"18, but he only just turned 18 so he was allowed at the club last night. He actually looks a bit older though!"
28/01/2020,10:15,chloe,lottie,Did you see him in there?
28/01/2020,10:18,lottie,chloe,"I don't think so, but he must have been in there somewhere! Not sure how I missed him, hes really hot!!"
28/01/2020,10:22,chloe,lottie,Well it was kind of dark in there!
28/01/2020,15:45,jack,lottie,"Hi babe, did you get home ok last night?"
28/01/2020,15:56,lottie,jack,Yes. Thanks for waiting for me until my mum showed up.
28/01/2020,16:01,jack,lottie,Its fine :) What are you up to this weekend?
28/01/2020,16:10,lottie,jack,I have to look after my little brother as my mum is at work. How about you?
28/01/2020,16:13,jack,lottie,"Not much really, will probably see some mates later. Hey maybe we could meet up sometime?"
28/01/2020,16:20,lottie,jack,That would be fab.
28/01/2020,16:23,jack,lottie,"Ok, I'll message you soon. It was great to meet you last night :)"
28/01/2020,16:27,lottie,chloe,Jack sent me a message!
28/01/2020,16:35,chloe,lottie,"Oooh, what did he say?"
28/01/2020,16:39,lottie,chloe,He wanted to make sure I got back ok last night. He also asked if we can meet up!!!
28/01/2020,16:43,chloe,lottie,OMG! What did you say?
28/01/2020,16:50,lottie,chloe,"I said yes of course!! He is soo nice, and so good looking! Hes really mature too. Nothing like the boys at school."
28/01/2020,16:55,chloe,lottie,"Yeah, well he is older so its not surprising! It is exciting though! Where are you going to meet? What will you do? Are you nervous?!"
28/01/2020,17:01,lottie,chloe,I'm not sure yet. Buy yes I am kind of nervous. But really excited too!!
29/01/2020,09:55,jack,lottie,Morning sleepy babe. How are you today?
29/01/2020,10:05,lottie,jack,"I'm good, how are you?"
29/01/2020,10:07,jack,lottie,I'm good. I've been thinking about you. Do you want to meet up on Wednesday?
29/01/2020,10:10,lottie,jack,Love to :) What time?
29/01/2020,10:12,jack,lottie,What time do you finish school?
29/01/2020,10:16,lottie,jack,03:30
29/01/2020,10:18,jack,lottie,Meet you in the rec at 4pm then?
29/01/2020,10:20,lottie,jack,Gr8.
29/01/2020,10:22,jack,lottie,See you then. I can't wait.
29/01/2020,10:30,lottie,chloe,"You won't believe this! Jack just asked me to meet up on Weds! We are going to the rec. I am so excited, but I'm really nervous. What if he doesn't like me? What if he thinks I'm a silly little kid?"
29/01/2020,10:41,chloe,lottie,"Eeek, thats so exciting! Why don't you glam up to look older?! I could do your eyeliner for you as I'm good at that!"
29/01/2020,10:45,lottie,chloe,That would be awesome! Thanks! Do you think its a date?
29/01/2020,10:48,chloe,lottie,Yeah it must be?! What does your mum think?
29/01/2020,10:55,lottie,chloe,OMG. I haven't told mum. Shes hardly here anyway!
29/01/2020,10:58,chloe,lottie,Won't she ask who he is ok iSocialike?
29/01/2020,11:02,lottie,chloe,"Haha, no she doesn't use iSocialike! She doesn't have a clue!"
29/01/2020,11:05,chloe,lottie,Thats lucky!
29/01/2020,11:07,lottie,chloe,Yep!
30/01/2020,18:04,jack,lottie,"Hi Lottie, need some company tonight? ;)"
30/01/2020,18:12,lottie,jack,Are you offering?!
30/01/2020,18:16,jack,lottie,Can I come round?
30/01/2020,18:24,lottie,jack,"I would like you to, but I dont think mum would be happy as I'm babysitting. How are you?"
30/01/2020,18:32,jack,lottie,"Pretty good thanks, how about you?"
30/01/2020,18:35,lottie,jack,"I'm good, just a bit bored."
30/01/2020,18:40,jack,lottie,I'm really looking forward to seeing you on Weds.
30/01/2020,18:45,lottie,jack,Me too :)
30/01/2020,18:49,jack,lottie,Are you going to be wearing what you wore at the disco?!
30/01/2020,18:52,lottie,jack,"LOL no, I'll be in my school uniform unfortunately. :/"
30/01/2020,18:55,jack,lottie,Even better! ;)
30/01/2020,19:00,lottie,jack,"My mums back, I've got to go. See you on Weds :)"
30/01/2020,19:03,jack,lottie,"Bye babes, can't wait to see you."
30/01/2020,19:15,lottie,chloe,OMG Jack messaged me earlier!
30/01/2020,19:21,chloe,lottie,Yay! What did he say?
30/01/2020,19:25,lottie,chloe,"He made a joke about coming round, then he said something about me looking good in my school uniform!"
30/01/2020,19:29,chloe,lottie,That's a bit weird! But then a lot of older guys like girls in school uniform I've heard!
30/01/2020,19:33,lottie,chloe,Lol its not like hes really old tho!
30/01/2020,19:40,chloe,lottie,Yeah but still! Boys our age wouldn't say that.
30/01/2020,19:43,lottie,chloe,I can't wait to see him. Hes being so flirty.
30/01/2020,19:50,chloe,lottie,That's so cool. I can't believe youve got an older guy interested in you. I'm so jealous!!
30/01/2020,19:52,lottie,chloe,Maybe I should see if he has a friend for you?! ;)
30/01/2020,19:55,chloe,lottie,Sounds good!
01/02/2020,19:01,jack,lottie,I had such a good time this afternoon. I wish we could have spent longer together.
01/02/2020,19:15,lottie,jack,"Me too. Sorry I had to leave, but mum doesn't like me staying out late."
01/02/2020,19:19,jack,lottie,"I totally understand, I just wish I could be with you ALL the time."
01/02/2020,19:21,lottie,jack,That's sweet.
01/02/2020,19:25,jack,lottie,Well I think your're really sweet. When can we meet up again?
01/02/2020,19:28,lottie,jack,I'm not sure. Maybe the weekend?
01/02/2020,19:33,jack,lottie,"How about Saturday? I really wanted to kiss you today, but I wasn't sure if you wanted me to."
01/02/2020,19:40,lottie,jack,*blushing*
01/02/2020,19:43,jack,lottie,So how about Saturday then? Can we make it a date for a kiss?
01/02/2020,19:49,lottie,jack,Yes. I'd like that.
01/02/2020,19:52,jack,lottie,Great :) xxx
02/02/2020,20:03,jack,lottie,"Hi Lottie, how are you? I can't stop thinking about (all) of you. I think you are amazing."
02/02/2020,20:10,lottie,jack,I'm really good. I keep thinking about you too.
02/02/2020,20:14,jack,lottie,What sort of things are you thinking? I keep thinking about how pretty you are.
02/02/2020,20:22,lottie,jack,I'm blushing! Do you really think that?
02/02/2020,20:26,jack,lottie,Of course. You are beautiful. I love your hair. Gorg!
02/02/2020,20:30,lottie,jack,No one has ever said that to me before. Apart from my mum! lol
02/02/2020,20:35,jack,lottie,Well its the truth.
02/02/2020,20:40,lottie,jack,Thanks. I think you are great too.
02/02/2020,20:43,jack,lottie,That makes me really happy to know that.
02/02/2020,20:46,lottie,jack,:)
02/02/2020,20:55,lottie,chloe,OMG you won't believe this amazing message conversation I just had with Jack!
02/02/2020,21:01,chloe,lottie,WHAT? What did he say?
02/02/2020,21:05,lottie,chloe,He said I am really pretty and then he said I'm beautiful! <3
02/02/2020,21:07,chloe,lottie,OMG! He must really like you!
02/02/2020,21:11,lottie,chloe,Do you think?
02/02/2020,21:15,chloe,lottie,Yeah! He wouldn't say it otherwise!! Do you like him too?
02/02/2020,21:18,lottie,chloe,"Yeah, of course! Hes mature and gorgeous! and really charming too."
02/02/2020,21:23,chloe,lottie,I noticed!
03/02/2020,19:45,jack,lottie,I'm really looking forward to seeing you tomorrow.
03/02/2020,19:55,lottie,jack,Me too!
03/02/2020,20:01,jack,lottie,What shall we do?
03/02/2020,20:08,lottie,jack,"I don't mind really, you choose :)"
03/02/2020,20:12,jack,lottie,How about we grab a bite somewhere together?
03/02/2020,20:15,lottie,jack,Sounds perfect.
03/02/2020,20:20,lottie,chloe,"Jack just messaged me, he is going to take me out to lunch tomorrow!!"
03/02/2020,20:25,chloe,lottie,OMG that is sooo grown up! Boys at school would never do that. He must have loads of money!
03/02/2020,20:29,lottie,chloe,"I know, its great. He is so mature. He must have more money than boys at school too."
03/02/2020,20:33,lottie,chloe,"I'm feeling a bit nervous cos I think I really like him, but he might expect a lot of me."
03/02/2020,20:39,chloe,lottie,"Don't worry, it will be fine! Tell me all about it wont you tomorrow night online."
03/02/2020,20:43,lottie,chloe,I hope youre right! Ok speak soon xxx
05/02/2020,08:48,lottie,chloe,Taking this private as I don't want other people reading it!
05/02/2020,08:58,chloe,lottie,K
05/02/2020,09:02,lottie,chloe,I didn't tell mum about Jack. I don't want her to freak out about his age.
05/02/2020,09:06,chloe,lottie,"You should probaby tell her Lottie. She will probably find out some other way and then you'll get it! Hes only 4 years older, its not that bad."
05/02/2020,09:09,lottie,chloe,How will she find out? As long as noone blabs it will be ok.
05/02/2020,09:12,chloe,lottie,What about stuff online
05/02/2020,09:16,lottie,chloe,She doesn't use that stuff. She doesn't know how to! And she never uses my computer either.
05/02/2020,09:20,chloe,lottie,"Ok, thats good then."
05/02/2020,09:22,lottie,chloe,"Yeah, I'm going to keep it secret for a bit. Jack suggested is as he thinks mum will think hes too old."
05/02/2020,09:25,chloe,lottie,Hes probably right.
05/02/2020,09:30,lottie,chloe,Yep. We'll just see how things go.
05/02/2020,09:32,chloe,lottie,Does he talk about his mum and dad? What do you know about his friends?
05/02/2020,09:38,lottie,chloe,He doesn't really talk about them. I think his friends went to uni so they moved away.
05/02/2020,16:55,jack,lottie,Had such a great time yesterday. I wish I could see more of you.
05/02/2020,16:59,lottie,jack,I did too. How about we meet up next week?
05/02/2020,17:05,jack,lottie,That wasn't quite what I mean't ;)
05/02/2020,17:10,lottie,jack,What did you mean then?
05/02/2020,17:15,jack,lottie,"I meant that I wish I could see more of your body, if you know what I mean... ;)"
05/02/2020,17:28,lottie,jack,Oh I see! *blushes*
05/02/2020,17:31,jack,lottie,So what do you say? Will you take some special pictures of yourself for me?
05/02/2020,17:45,lottie,jack,Hmm I'm not sure. I'd feel embarrassed. What if someone else saw them?
05/02/2020,17:48,jack,lottie,Theres nothing to be embarrassed about. You are beautiful. I just really want to see whats under your clothes.
05/02/2020,18:10,lottie,jack,"Um, I'm not sure I'm ready..."
05/02/2020,18:12,jack,lottie,"Ok, thats ok, but I just wanted to tell you what I wanted... Shall we meet up next week then? Are you free after school on Tuesday?"
05/02/2020,18:15,lottie,jack,"Yes, I am. Where shall we meet?"
05/02/2020,18:18,jack,lottie,How about the coffee shop round the corner from your school?
05/02/2020,18:22,lottie,jack,"Yep ok, see you there about 4?"
05/02/2020,18:25,jack,lottie,Perfect. Can't wait. Xxx
07/02/2020,08:28,jamila,lottie,Youre seeing Jack after school again? Didn't you only see him at the weekend?
07/02/2020,08:33,lottie,jamila,Yep but that was 3 whole days ago!
07/02/2020,08:35,jamila,lottie,Well can we hang out sometime this week then? Or maybe at the weekend?
07/02/2020,08:37,lottie,jamila,Of course! I can't do Saturday though as I'm seeing Jack.
07/02/2020,08:39,jamila,lottie,AGAIN?
07/02/2020,08:40,lottie,jamila,Well he is my boyfriend. Of course I'm going to spend time with him!
07/02/2020,08:42,jamila,lottie,I supose. See you in a bit.
07/02/2020,17:58,louise,lottie,Looks like you had a great time with Jack after school! What did your mum say when you got home late?
07/02/2020,18:10,lottie,louise,Yeah we had loads of fun. He's so gorgeous. Mums out so she didn't know I came in late! Phew!
07/02/2020,18:13,louise,lottie,That's lucky!
07/02/2020,18:17,lottie,louise,"Yeah I know, as I still haven't told her about him. Jack thinks its for the best, but I feel like I'm going to have to tell her sooner or later!"
07/02/2020,18:22,louise,lottie,Lucky she doesn't use iSocialike then!
07/02/2020,18:25,lottie,louise,I know!
07/02/2020,19:58,jack,lottie,It was great seeing you today. I can't stop thinking about how cute you are. I really WANT you babes.
07/02/2020,20:20,lottie,jack,Aw that is really sweet! I had lots of fun today.
07/02/2020,20:23,jack,lottie,When can we get together again?
07/02/2020,20:26,lottie,jack,The weekend?
07/02/2020,20:28,jack,lottie,But that's ages way! :(
07/02/2020,20:35,lottie,jack,"I know, but I can't risk staying out after school when mums not working as she will ask me where I've been."
07/02/2020,20:36,jack,lottie,:(
07/02/2020,20:38,lottie,jack,I'm sorry :(
08/02/2020,17:20,lottie,jack,My friends really want to meet you. They have heard so much about you! Can we all hang out together on Sat?
08/02/2020,17:45,jack,lottie,Hmm I'm not sure. I like having you ALL to myself. Xx
08/02/2020,17:50,lottie,jack,Ok. Soon though?
08/02/2020,18:01,jack,lottie,Yeah maybe.
08/02/2020,18:30,lottie,chloe,"Sorry hun but Jack wants to spend Saturday together, just the two of us."
08/02/2020,18:35,chloe,lottie,Oh thats a shame. Can we meet Sunday instead?
08/02/2020,18:40,lottie,chloe,"Jack is always busy Sundays. He plays football. Hes really in to it, he switches his phone off and everything! Hes in the Black Horse local league team."
08/02/2020,18:43,chloe,lottie,Thats weird. My bro is on that team and I don't think he knows Jack :/
08/02/2020,18:55,lottie,chloe,I might be wrong about the team name....I can't really remember!
09/02/2020,21:10,jack,lottie,"Was really nice chatting to you on the phone tonight. I like talking online, but I like hearing your voice better. I like seeing you EVEN BETTER! ;) xxx"
09/02/2020,21:23,lottie,jack,Well you'll see me Saturday :)
09/02/2020,21:25,jack,lottie,"I can't wait to be able to see you and touch you. I miss you. Sweet dreams baby, dream of me! ;) xxx"
09/02/2020,21:30,lottie,jack,I will. Night night xxx
10/02/2020,08:35,jack,lottie,I can't wait to see you tomorrow. I mean really I can't wait. Can you send me some pics so I can see you right now?
10/02/2020,08:39,lottie,jack,I'm just on my way to school so I can't right now!
10/02/2020,08:41,jack,lottie,"Ok. How about when you get home then, and you are getting changed out of your uniform? ;)"
10/02/2020,16:01,jack,lottie,"Hey babe, have you taken any special pics just for me yet?"
10/02/2020,16:10,lottie,jack,No I've just got in from school.
10/02/2020,16:12,jack,lottie,"Ok. Well when you get changed you can take some then. I want to see what you look like under your clothes ;) Send them to me via quicksnap as then they will be totally private. The message only lasts 10 seconds then gets deleted, so it will be for my eyes only. You are beautiful and I'm really missing you."
10/02/2020,16:22,lottie,jack,I'm not sure. I'll think about it.
10/02/2020,16:24,jack,lottie,Ok babe. Just don't think too long. I dont think I can wait!
10/02/2020,17:56,lottie,jack,"Hey gorgeous, are you going to send me those pics? I'll send you one of me if that would help make you feel more comfortable? You know you can trust me right? I really care about you. And remember its just between us."
10/02/2020,18:15,jack,lottie,Did you get my pic? Did you like it? I really want to see you now.
10/02/2020,18:30,lottie,jack,"Yes I got it. And yes, wow, I liked it. I'm just worried as I've never done this before."
10/02/2020,18:31,jack,lottie,"Don't worry about a thing. I think you are amazing and I just really want to see some pics of you, that no one else has seen, as I'm really missing you xxxx"
11/02/2020,09:34,jack,lottie,Sorry for putting that message up on your wall - I meant to send it privately. And now your friends have seen it.
11/02/2020,09:39,lottie,jack,No it ok. I like showing you off anyway! ;)
11/02/2020,09:41,jack,lottie,That's cool with me! I'll see you soon for lunch :) xxx
12/02/2020,10:45,louise,lottie,"Hey Lottie. How are things? I saw you had been quicksnapping with Jack, I hope you weren't doing anything dodgy!"
12/02/2020,10:49,lottie,louise,Of course I wasn't!
12/02/2020,10:51,louise,lottie,I know he is older than us so I worry about you abit.
12/02/2020,10:52,lottie,louise,Theres nothing to worry about! Jack is amazing! I really like him. I think he likes me too!
12/02/2020,10:54,louise,lottie,That's great. :) But be careful Lottie. Don't get carried away.
14/02/2020,07:35,lottie,jack,"I just tried calling you but your phone was switched off :/ I just wanted to say wow, thanks so much for the card and present. Did you mean what you said in the card?"
14/02/2020,09:05,jack,lottie,Of course baby. I love you. I wish I could see all of you today. Maybe you could send me a pic of you wearing the necklace I gave you....and nothing else xxxx
14/02/2020,09:14,lottie,jack,I love you too. Maybe when I am alone I'll take some pics Xxx
14/02/2020,09:19,jack,lottie,That would be amazing :) xxx
14/02/2020,19:20,lottie,chloe,OMG! Did you see what Jack said on my post on Picturegram?!? He said he loves me!!! Do you think he means it or is he just joking around?
14/02/2020,19:23,chloe,lottie,Wow thats so exciting!! He must mean it! He wouldn't say it otherwise! Specially not somewhere public like Picturegram.
14/02/2020,19:26,lottie,chloe,He put it in the card too! :) :) :)
15/02/2020,08:12,lottie,chloe,Eeek my mum saw the necklace that Jack sent to me and asked me who sent it!
15/02/2020,08:15,chloe,lottie,OMG! What did you say???
15/02/2020,08:18,lottie,chloe,I told her the truth. I thought that as me and Jack are serious now its about time.
15/02/2020,08:20,chloe,lottie,Wow! What did she say?
15/02/2020,08:21,lottie,chloe,"She was pretty shocked. She didn't say much, but she wants to meet him!"
15/02/2020,08:23,chloe,lottie,Wow! Good luck!
15/02/2020,08:30,lottie,jack,"Hi handsome, how are you? My mum saw the necklace you sent me yesterday and she wanted to know who sent it. I couldn't think of a lie so I told her the truth. :/ I hope thats ok. She really wants to meet you. She asked if you could come round for dinner on Friday?"
15/02/2020,08:45,jack,lottie,I don't know Lottie... I told you it was best if she didn't know about us.
15/02/2020,08:48,lottie,jack,"I know you did, but I thought as we are serious now she needed to know. It will be much easier not having to keep a secret too. So will you come? I'm sure she will love you as much as I do xx"
15/02/2020,08:52,jack,lottie,"Ok, I'll be there."
15/02/2020,19:34,lottie,jack,Are you ok? You've been really quiet all day. Are you annoyed about meeting mum?
15/02/2020,20:55,jack,lottie,I'm not annoyed. I just don't know if it will work out. I feel a bit funny about it.
15/02/2020,21:04,lottie,jack,I'm sorry :(
15/02/2020,21:12,jack,lottie,Its ok. You can make up for it by sending me those pics you promised me on valentines day ;) I would love to see you wearing that neacklace I bought you. I bet you look great in it xxx
15/02/2020,21:16,lottie,jack,Ok. Shall I use quicksnap again?
15/02/2020,21:17,jack,lottie,"Yep thats the safest way. Thanks babe, can't wait to see them xxx"
16/02/2020,08:01,jack,lottie,You looked so amazing in those pics you sent last night babe. I went to bed dreaming of you xxx
16/02/2020,08:15,lottie,jack,I'm glad you liked them. I was nervous. When I sent them it came up with a message saying you had screenshotted them - why did you do that?
16/02/2020,08:23,jack,lottie,Relax! I just wanted to keep a copy of them so I could look at them whenever I want. I promise I won't show them to anyone else. I've password protected them on my computer.xx
16/02/2020,08:27,lottie,jack,Oh ok.
18/02/2020,19:15,liam,lottie,"Hey Lottie. I was hanging out with some new friends today, and they were a bit creepy to be honest. They had all these photos of girls undressing. I thought I saw you in one of them - are you ok?"
18/02/2020,19:37,lottie,liam,You must have made a mistake. It couldn't have been me.
18/02/2020,19:45,lottie,jack,Some guy told me that he thinks he saw pictures of me undressed. I'm really scared. They can't really be pictures of me can they?
18/02/2020,20:03,jack,lottie,"No way. Don't worry babe, it must have been someone who looks like you. I would never show anyone photos of you. I don't want other people to see my girlfriend! Anyway you used quicksnap which doesn't save them."
18/02/2020,20:04,lottie,jack,But what about the ones you screenshotted?!
18/02/2020,20:07,jack,lottie,"I password protected them remember. No one else can see them, I promise. xxx"
19/02/2020,10:56,liam,lottie,"Lottie I'm really worried about you. I was hanging out with those guys again and they had naked photos of girls this time. I'm really sure one of them wa you. Have you taken any photos like that? The guys were really creepy. I'm not going to hang out with them again, I think they are bad news. You really need to be careful."
19/02/2020,10:58,lottie,liam,"I haven't taken any photos like that, it can't have been me. Just leave me alone ok?"
20/02/2020,16:55,jack,lottie,"Hi babe, are you ok? I haven't heard from you since Saturday."
20/02/2020,20:00,jack,lottie,Lottie I'm really missing you. Please message me back. I love you xxxx
21/02/2020,17:30,jack,lottie,Are you ok Lottie? You didn't reply to my messages or texts last night. I tried calling too.
21/02/2020,17:50,lottie,jack,"I'm ok, but I'm worried cos I got another message from that guy about photos. I feel really funny. I hate the thought of someone seeing photos of me like that. I'm really upset."
21/02/2020,17:54,jack,lottie,"I know, it sucks, but you have nothing to worry about. He must have made a mistake."
21/02/2020,18:25,chloe,lottie,Whats going on Lottie? What was Jack's message about? He was pretty harsh to me.
21/02/2020,18:28,lottie,chloe,"Sorry about that. Don't worry though, its fine."
21/02/2020,18:32,lottie,jack,Please don't say anything else on my wall as my friends don't know about the photos. I just want to forget all about it. Please don't be rude to them either!
21/02/2020,18:35,jack,lottie,I'm really sorry. I just got really mad as I don't like to see you upset. I'll make it up to you I promise xxx
22/02/2020,08:18,chloe,lottie,Are you ok? Is everything ok with you and Jack? He isn't pressurising you into taking things further is he?
22/02/2020,08:22,lottie,chloe,No hes not. Everythings fine. We are close though.
22/02/2020,08:24,chloe,lottie,"Ok, as long as he isn't forcing you into anything you don't want to do."
22/02/2020,08:28,lottie,chloe,No he isn't like that.
22/02/2020,17:14,louise,lottie,How come you didn't go to swimming lessons this afternon? Did you go home?
22/02/2020,17:34,lottie,louise,"Yeah, I wasn't feeling too well."
22/02/2020,19:56,jack,lottie,Hi babe. Hope you are ok. Don't let that guy talking about photos get you down. You know I love you and wouldn't do anything to hurt you don't you?
22/02/2020,20:01,lottie,jack,"Yes I do, and I love you too."
22/02/2020,20:06,jack,lottie,I want everything to be private between us. You are so special to me. Can we meet this weekend? Maybe I can meet your friends? You wanted me to a while ago didn't you? Then I can show them that I won't hurt you.
22/02/2020,20:09,lottie,jack,That would be great! Let's go bowling or something.
23/02/2020,16:34,jamila,lottie,Did you see those photos the boys in class were looking at earlier?
23/02/2020,16:36,lottie,jamila,No...what were they?
23/02/2020,16:37,jamila,lottie,"Photos of models in underwear. They were going on about how hot they look, and how they wished girls at school look like that. That's yucky!"
23/02/2020,16:38,lottie,jamila,"Ew, yucky :/"
23/02/2020,20:45,jack,lottie,I enjoyed our chat on the phone earlier. I want you to watch the video I text you a link to. Don't watch it with your mum or brother around! It shows what I want to do with you.
23/02/2020,21:01,lottie,chloe,Do you know any good websites that talk about safe sex and stuff?
23/02/2020,21:07,chloe,lottie,"Maybe, I'll check. What do you want to know? I'm worried about you."
23/02/2020,21:11,lottie,chloe,Nothing to worry about! I just need some info for biology class.
23/02/2020,21:14,chloe,lottie,Pheww. You would tell me if something was going on wouldn't you?
23/02/2020,21:17,lottie,chloe,Yep of course! =)
23/02/2020,22:05,jack,lottie,What did you think about that video? Do you want to get close to me like that? I love you so much. xxx
23/02/2020,22:35,lottie,jack,It could be fun ;)
24/02/2020,08:45,jack,lottie,Can't wait to see you tomorrow gorgeous!
24/02/2020,08:47,lottie,jack,Me neither! Are you still ok with meeting my friends?
24/02/2020,08:48,jack,lottie,Yes as long as we can have some alone time in the evening ;) Do you want to come round to my house? My parents are going to be out.
24/02/2020,08:51,lottie,jack,Yes maybe. I'll have to see if I'm allowed.
24/02/2020,16:12,jack,lottie,You aren't still worried about those photos are you? You know you can trust me dont you?
24/02/2020,16:22,lottie,jack,I know I can trust you...but I just feel funny about them. I hate the thought of other people looking at my body. I feel self conscious now.
24/02/2020,16:25,jack,lottie,But you look amazing! You are the most gorgeous girl I have ever seen. I wish I could see you in real life like you were in those photos. We could do the stuff in the video tomorrow night. I love you. xxx
24/02/2020,16:32,lottie,jack,I love you too.
25/02/2020,17:47,lottie,jack,"Today was really nice. My friends all really like you :) I'm really sorry I couldn't come round to yours tonight, but mum wants me to babysit again."
25/02/2020,17:49,jack,lottie,"I had fun too. Don't worry about tonight. My parents are going on holiday soon, so maybe you can come round then?! Xxxx"
25/02/2020,17:51,lottie,jack,Yep hopefully! xx
01/03/2020,19:56,jack,lottie,"Hey babe, I heard about a really cool party on Friday night. Do you want to come?"
01/03/2020,20:15,lottie,jack,What sort of party?
01/03/2020,20:35,jack,lottie,"Its a party at my mates house. Its going to be epic. I would like to take you, and show you off."
01/03/2020,20:39,lottie,jack,Ok. Sounds fun.