Sender,Receiver,Message,Timestamp,Label
chloe,lottie,"""Boys in our class are nice and fun, but a bit...boring.""",January 18 at 8:23pm,
lottie,chloe,IKR? We need to go out and meet boys from other schools.,January 18 at 8:33pm,
chloe,lottie,Totally! Life would be much more exciting then!,January 18 at 8:40pm,
lottie,chloe,OMG! I met this amazing guy tonight!,January 27 at 11:02pm,
chloe,lottie,What?! When?!,January 27 at 11:06pm,
lottie,chloe,"""After you left I was waiting for mum to pick me up, and he waited with me!""",January 27 at 11:10pm,
chloe,lottie,OMG!! Is he hot?!,January 27 at 11:14pm,
lottie,chloe,So hot! Not like the boys at school! I'll tell you all about it tomorrow!,January 27 at 11:16pm,
lottie,chloe,OMG! You know that guy from last night? He just sent me a friend request!,January 28 at 10:01am,
chloe,lottie,OMG! What are you doing to do?,January 28 at 10:04am,
lottie,chloe,Accept it of course!,January 28 at 10:07am,
chloe,lottie,Wow! How old is he?,January 28 at 10:10am,
lottie,chloe,"""18, but he only just turned 18 so he was allowed at the club last night. He actually looks a bit older though!""",January 28 at 10:12am,
chloe,lottie,Did you see him in there?,January 28 at 10:15am,
lottie,chloe,"""I don't think so, but he must have been in there somewhere! Not sure how I missed him, hes really hot!!""",January 28 at 10:18am,
chloe,lottie,Well it was kind of dark in there!,January 28 at 10:22am,
jack,lottie,"""Hi babe, did you get home ok last night?""",January 28 at 3:45pm,
lottie,jack,Yes. Thanks for waiting for me until my mum showed up.,January 28 at 3:56pm,
jack,lottie,Its fine :) What are you up to this weekend?,January 28 at 4:01pm,
lottie,jack,I have to look after my little brother as my mum is at work. How about you?,January 28 at 4:10pm,
jack,lottie,"""Not much really, will probably see some mates later. Hey maybe we could meet up sometime?""",January 28 at 4:13pm,
lottie,jack,That would be fab.,January 28 at 4:20pm,
jack,lottie,"""Ok, I'll message you soon. It was great to meet you last night :)""",January 28 at 4:23pm,
lottie,chloe,Jack sent me a message!,January 28 at 4:27pm,
chloe,lottie,"""Oooh, what did he say?""",January 28 at 4:35pm,
lottie,chloe,He wanted to make sure I got back ok last night. He also asked if we can meet up!!!,January 28 at 4:39pm,
chloe,lottie,OMG! What did you say?,January 28 at 4:43pm,
lottie,chloe,"""I said yes of course!! He is soo nice, and so good looking! Hes really mature too. Nothing like the boys at school.""",January 28 at 4:50pm,
chloe,lottie,"""Yeah, well he is older so its not surprising! It is exciting though! Where are you going to meet? What will you do? Are you nervous?!""",January 28 at 4:55pm,
lottie,chloe,I'm not sure yet. Buy yes I am kind of nervous. But really excited too!!,January 28 at 5:01pm,
jack,lottie,Morning sleepy babe. How are you today?,January 29 at 9:55am,
lottie,jack,"""I'm good, how are you?""",January 29 at 10:05am,
jack,lottie,I'm good. I've been thinking about you. Do you want to meet up on Wednesday?,January 29 at 10:07am,
lottie,jack,Love to :) What time?,January 29 at 10:10am,
jack,lottie,What time do you finish school?,January 29 at 10:12am,
lottie,jack,03:30,January 29 at 10:16am,
jack,lottie,Meet you in the rec at 4pm then?,January 29 at 10:18am,
lottie,jack,Gr8.,January 29 at 10:20am,
jack,lottie,See you then. I can't wait.,January 29 at 10:22am,
lottie,chloe,"""You won't believe this! Jack just asked me to meet up on Weds! We are going to the rec. I am so excited, but I'm really nervous. What if he doesn't like me? What if he thinks I'm a silly little kid?""",January 29 at 10:30am,
chloe,lottie,"""Eeek, thats so exciting! Why don't you glam up to look older?! I could do your eyeliner for you as I'm good at that!""",January 29 at 10:41am,
lottie,chloe,That would be awesome! Thanks! Do you think its a date?,January 29 at 10:45am,
chloe,lottie,Yeah it must be?! What does your mum think?,January 29 at 10:48am,
lottie,chloe,OMG. I haven't told mum. Shes hardly here anyway!,January 29 at 10:55am,
chloe,lottie,Won't she ask who he is ok iSocialike?,January 29 at 10:58am,
lottie,chloe,"""Haha, no she doesn't use iSocialike! She doesn't have a clue!""",January 29 at 11:02am,
chloe,lottie,Thats lucky!,January 29 at 11:05am,
lottie,chloe,Yep!,January 29 at 11:07am,
jack,lottie,"""Hi Lottie, need some company tonight? ;)""",January 30 at 6:04pm,
lottie,jack,Are you offering?!,January 30 at 6:12pm,
jack,lottie,Can I come round?,January 30 at 6:16pm,
lottie,jack,"""I would like you to, but I dont think mum would be happy as I'm babysitting. How are you?""",January 30 at 6:24pm,
jack,lottie,"""Pretty good thanks, how about you?""",January 30 at 6:32pm,
lottie,jack,"""I'm good, just a bit bored.""",January 30 at 6:35pm,
jack,lottie,I'm really looking forward to seeing you on Weds.,January 30 at 6:40pm,
lottie,jack,Me too :),January 30 at 6:45pm,
jack,lottie,Are you going to be wearing what you wore at the disco?!,January 30 at 6:49pm,
lottie,jack,"""LOL no, I'll be in my school uniform unfortunately. :/""",January 30 at 6:52pm,
jack,lottie,Even better! ;),January 30 at 6:55pm,
lottie,jack,"""My mums back, I've got to go. See you on Weds :)""",January 30 at 7:00pm,
jack,lottie,"""Bye babes, can't wait to see you.""",January 30 at 7:03pm,
lottie,chloe,OMG Jack messaged me earlier!,January 30 at 7:15pm,
chloe,lottie,Yay! What did he say?,January 30 at 7:21pm,
lottie,chloe,"""He made a joke about coming round, then he said something about me looking good in my school uniform!""",January 30 at 7:25pm,
chloe,lottie,That's a bit weird! But then a lot of older guys like girls in school uniform I've heard!,January 30 at 7:29pm,
lottie,chloe,Lol its not like hes really old tho!,January 30 at 7:33pm,
chloe,lottie,Yeah but still! Boys our age wouldn't say that.,January 30 at 7:40pm,
lottie,chloe,I can't wait to see him. Hes being so flirty.,January 30 at 7:43pm,
chloe,lottie,That's so cool. I can't believe youve got an older guy interested in you. I'm so jealous!!,January 30 at 7:50pm,
lottie,chloe,Maybe I should see if he has a friend for you?! ;),January 30 at 7:52pm,
chloe,lottie,Sounds good!,January 30 at 7:55pm,
jack,lottie,I had such a good time this afternoon. I wish we could have spent longer together.,February 1 at 7:01pm,
lottie,jack,"""Me too. Sorry I had to leave, but mum doesn't like me staying out late.""",February 1 at 7:15pm,
jack,lottie,"""I totally understand, I just wish I could be with you ALL the time.""",February 1 at 7:19pm,
lottie,jack,That's sweet.,February 1 at 7:21pm,
jack,lottie,Well I think your're really sweet. When can we meet up again?,February 1 at 7:25pm,
lottie,jack,I'm not sure. Maybe the weekend?,February 1 at 7:28pm,
jack,lottie,"""How about Saturday? I really wanted to kiss you today, but I wasn't sure if you wanted me to.""",February 1 at 7:33pm,
lottie,jack,blushing,February 1 at 7:40pm,
jack,lottie,So how about Saturday then? Can we make it a date for a kiss?,February 1 at 7:43pm,
